time,ghi,dni,dhi,temperature,windSpeed,humidity,poaGlobal,poaDirect,poaDiffuse
2026-08-13T08:30:00+05:30,384.15,83.26,319.53,27.9,3.0,82,348.99,44.58,304.41
2026-08-13T08:45:00+05:30,384.15,83.26,319.53,27.9,3.0,82,354.4,48.82,305.58
2026-08-13T09:00:00+05:30,384.15,83.26,319.53,27.9,3.0,82,359.33,52.85,306.48
2026-08-13T09:15:00+05:30,384.15,83.26,319.53,27.9,3.0,82,363.86,56.65,307.21
2026-08-13T09:30:00+05:30,384.15,83.26,319.53,27.9,3.0,82,368.02,60.21,307.81
2026-08-13T09:45:00+05:30,396.83,80.22,332.22,28.3,3.25,79,381.73,61.19,320.55
2026-08-13T10:00:00+05:30,409.51,77.19,344.91,28.7,3.5,76,394.95,61.67,333.28
2026-08-13T10:15:00+05:30,422.18,74.16,357.6,29.1,3.75,74,407.68,61.68,346.01
2026-08-13T10:30:00+05:30,434.86,71.12,370.29,29.5,4.0,71,419.96,61.23,358.73
2026-08-13T10:45:00+05:30,436.78,68.53,373.43,29.93,4.0,69,422.9,60.74,362.17
2026-08-13T11:00:00+05:30,438.7,65.94,376.56,30.35,4.0,67,425.43,59.86,365.57
2026-08-13T11:15:00+05:30,440.61,63.34,379.69,30.77,4.0,65,427.57,58.63,368.94
2026-08-13T11:30:00+05:30,442.53,60.75,382.82,31.2,4.0,63,429.34,57.06,372.29
2026-08-13T11:45:00+05:30,474.07,72.52,402.43,31.3,4.0,62,460.59,68.81,391.78
2026-08-13T12:00:00+05:30,505.61,84.29,422.04,31.4,4.0,62,491.7,80.44,411.26
2026-08-13T12:15:00+05:30,537.15,96.06,441.65,31.5,4.0,61,522.41,91.8,430.61
2026-08-13T12:30:00+05:30,568.69,107.83,461.26,31.6,4.0,60,556.28,102.75,453.53
2026-08-13T12:45:00+05:30,570.61,115.03,457.7,31.75,4.0,60,558.61,108.81,449.8
2026-08-13T13:00:00+05:30,572.53,122.22,454.14,31.9,4.0,59,560.25,114.27,445.98
2026-08-13T13:15:00+05:30,574.45,129.41,450.58,32.05,4.0,58,561.12,119.04,442.07
2026-08-13T13:30:00+05:30,576.37,136.6,447.02,32.2,4.0,58,561.14,123.06,438.08
2026-08-13T13:45:00+05:30,556.38,136.48,430.86,32.33,4.0,57,541.59,119.81,421.78
2026-08-13T14:00:00+05:30,536.4,136.35,414.69,32.45,4.0,56,521.49,116.06,405.43
2026-08-13T14:15:00+05:30,516.42,136.23,398.52,32.58,4.0,55,500.87,111.81,389.06
2026-08-13T14:30:00+05:30,496.44,136.11,382.36,32.7,4.0,54,479.74,107.08,372.66
2026-08-13T14:45:00+05:30,467.19,134.77,359.48,32.62,4.0,54,450.77,100.98,349.79
2026-08-13T15:00:00+05:30,437.94,133.43,336.61,32.55,4.0,54,421.48,94.55,326.93
2026-08-13T15:15:00+05:30,408.69,132.09,313.73,32.48,4.0,54,391.92,87.82,304.1
2026-08-13T15:30:00+05:30,379.44,130.75,290.85,32.4,4.0,54,362.11,80.83,281.28
2026-08-13T15:45:00+05:30,348.62,133.59,265.26,32.35,3.75,54,331.93,76.0,255.93
2026-08-13T16:00:00+05:30,317.79,136.43,239.67,32.3,3.5,55,301.18,70.55,230.63
2026-08-13T16:15:00+05:30,286.96,139.27,214.08,32.25,3.25,56,269.88,64.49,205.39
2026-08-13T16:30:00+05:30,256.13,142.11,188.49,32.2,3.0,56,238.06,57.84,180.22
2026-08-13T16:45:00+05:30,215.4,119.07,161.58,32.12,3.0,57,195.43,41.57,153.85
2026-08-13T17:00:00+05:30,174.67,96.03,134.68,32.05,3.0,58,155.43,27.83,127.61
2026-08-13T17:15:00+05:30,133.95,72.99,107.78,31.98,3.0,59,118.04,16.73,101.32
2026-08-13T17:30:00+05:30,93.22,49.94,80.87,31.9,3.0,60,84.11,8.37,75.74
2026-08-13T17:45:00+05:30,69.92,37.46,60.66,31.6,2.75,61,60.35,3.95,56.4
2026-08-13T18:00:00+05:30,46.63,24.97,40.45,31.3,2.5,62,38.32,1.07,37.25
2026-08-13T18:15:00+05:30,23.33,12.49,20.24,31.0,2.25,62,18.81,0.0,18.81
2026-08-13T18:30:00+05:30,0.04,0.0,0.04,30.7,2.0,63,0.03,0.0,0.03
2026-08-13T18:45:00+05:30,0.03,0.0,0.03,30.4,2.0,64,0.0,0.0,0.0
2026-08-13T19:00:00+05:30,0.02,0.0,0.02,30.1,2.0,66,0.0,0.0,0.0
2026-08-13T19:15:00+05:30,0.01,0.0,0.01,29.8,2.0,67,0.0,0.0,0.0
2026-08-13T19:30:00+05:30,0.0,0.0,0.0,29.5,2.0,68,0.0,0.0,0.0
2026-08-13T19:45:00+05:30,0.0,0.0,0.0,29.18,2.0,70,0.0,0.0,0.0
2026-08-13T20:00:00+05:30,0.0,0.0,0.0,28.85,2.0,72,0.0,0.0,0.0
2026-08-13T20:15:00+05:30,0.0,0.0,0.0,28.52,2.0,73,0.0,0.0,0.0
2026-08-13T20:30:00+05:30,0.0,0.0,0.0,28.2,2.0,75,0.0,0.0,0.0
2026-08-13T20:45:00+05:30,0.0,0.0,0.0,28.23,1.75,75,0.0,0.0,0.0
2026-08-13T21:00:00+05:30,0.0,0.0,0.0,28.25,1.5,76,0.0,0.0,0.0
2026-08-13T21:15:00+05:30,0.0,0.0,0.0,28.27,1.25,76,0.0,0.0,0.0
2026-08-13T21:30:00+05:30,0.0,0.0,0.0,28.3,1.0,76,0.0,0.0,0.0
2026-08-13T21:45:00+05:30,0.0,0.0,0.0,28.32,1.25,76,0.0,0.0,0.0
2026-08-13T22:00:00+05:30,0.0,0.0,0.0,28.35,1.5,75,0.0,0.0,0.0
2026-08-13T22:15:00+05:30,0.0,0.0,0.0,28.38,1.75,74,0.0,0.0,0.0
2026-08-13T22:30:00+05:30,0.0,0.0,0.0,28.4,2.0,74,0.0,0.0,0.0
2026-08-13T22:45:00+05:30,0.0,0.0,0.0,28.4,2.25,74,0.0,0.0,0.0
2026-08-13T23:00:00+05:30,0.0,0.0,0.0,28.4,2.5,74,0.0,0.0,0.0
2026-08-13T23:15:00+05:30,0.0,0.0,0.0,28.4,2.75,73,0.0,0.0,0.0
2026-08-13T23:30:00+05:30,0.0,0.0,0.0,28.4,3.0,73,0.0,0.0,0.0
2026-08-13T23:45:00+05:30,0.0,0.0,0.0,28.35,3.0,73,0.0,0.0,0.0
2026-08-14T00:00:00+05:30,0.0,0.0,0.0,28.3,3.0,72,0.0,0.0,0.0
2026-08-14T00:15:00+05:30,0.0,0.0,0.0,28.25,3.0,72,0.0,0.0,0.0
2026-08-14T00:30:00+05:30,0.0,0.0,0.0,28.2,3.0,72,0.0,0.0,0.0
2026-08-14T00:45:00+05:30,0.0,0.0,0.0,28.15,3.0,72,0.0,0.0,0.0
2026-08-14T01:00:00+05:30,0.0,0.0,0.0,28.1,3.0,72,0.0,0.0,0.0
2026-08-14T01:15:00+05:30,0.0,0.0,0.0,28.05,3.0,72,0.0,0.0,0.0
2026-08-14T01:30:00+05:30,0.0,0.0,0.0,28.0,3.0,72,0.0,0.0,0.0
2026-08-14T01:45:00+05:30,0.0,0.0,0.0,27.95,3.25,72,0.0,0.0,0.0
2026-08-14T02:00:00+05:30,0.0,0.0,0.0,27.9,3.5,72,0.0,0.0,0.0
2026-08-14T02:15:00+05:30,0.0,0.0,0.0,27.85,3.75,72,0.0,0.0,0.0
2026-08-14T02:30:00+05:30,0.0,0.0,0.0,27.8,4.0,72,0.0,0.0,0.0
2026-08-14T02:45:00+05:30,0.0,0.0,0.0,27.68,3.75,73,0.0,0.0,0.0
2026-08-14T03:00:00+05:30,0.0,0.0,0.0,27.55,3.5,74,0.0,0.0,0.0
2026-08-14T03:15:00+05:30,0.0,0.0,0.0,27.43,3.25,74,0.0,0.0,0.0
2026-08-14T03:30:00+05:30,0.0,0.0,0.0,27.3,3.0,75,0.0,0.0,0.0
2026-08-14T03:45:00+05:30,0.0,0.0,0.0,27.2,3.0,76,0.0,0.0,0.0
2026-08-14T04:00:00+05:30,0.0,0.0,0.0,27.1,3.0,76,0.0,0.0,0.0
2026-08-14T04:15:00+05:30,0.0,0.0,0.0,27.0,3.0,76,0.0,0.0,0.0
2026-08-14T04:30:00+05:30,0.0,0.0,0.0,26.9,3.0,77,0.0,0.0,0.0
2026-08-14T04:45:00+05:30,0.0,0.0,0.0,26.77,3.0,78,0.0,0.0,0.0
2026-08-14T05:00:00+05:30,0.0,0.0,0.0,26.65,3.0,78,0.0,0.0,0.0
2026-08-14T05:15:00+05:30,0.0,0.0,0.0,26.52,3.0,79,0.0,0.0,0.0
2026-08-14T05:30:00+05:30,0.0,0.0,0.0,26.4,3.0,80,0.0,0.0,0.0
2026-08-14T05:45:00+05:30,9.12,0.0,9.12,26.55,3.0,80,0.07,0.0,0.07
2026-08-14T06:00:00+05:30,18.23,0.0,18.23,26.7,3.0,79,16.26,0.0,16.26
2026-08-14T06:15:00+05:30,27.35,0.0,27.35,26.85,3.0,78,25.43,0.0,25.43
2026-08-14T06:30:00+05:30,36.47,0.0,36.47,27.0,3.0,78,34.51,0.0,34.51
2026-08-14T06:45:00+05:30,78.32,39.32,63.31,27.18,3.0,78,64.38,5.05,59.32
2026-08-14T07:00:00+05:30,120.18,78.65,90.16,27.35,3.0,78,99.69,14.99,84.7
2026-08-14T07:15:00+05:30,162.03,117.97,117.01,27.52,3.0,77,140.36,29.71,110.64
2026-08-14T07:30:00+05:30,203.88,157.3,143.86,27.7,3.0,77,185.86,49.1,136.77
2026-08-14T07:45:00+05:30,246.82,170.62,170.39,27.85,3.25,76,226.05,63.3,162.75
2026-08-14T08:00:00+05:30,289.76,183.94,196.93,28.0,3.5,74,267.63,78.78,188.84
2026-08-14T08:15:00+05:30,332.69,197.26,223.47,28.15,3.75,73,310.44,95.42,215.02
